customer_id,title,description,category,price,discountpercentage,rating,stock,tags,brand,sku,warranty,shippinginfo,availability,review_list,return_policy,minimumorderqty,posted_on,lastmodify_date
1,Essence Mascara Lash Princess,The Essence Mascara Lash Princess is a popular mascara known for its volumizing and lengthening effects. Achieve dramatic lashes with this long-lasting and cruelty-free formula.,beauty,9.99,10.48,2.56,99,"['beauty', 'mascara']",Essence,BEA-ESS-ESS-001,1 week warranty,Ships in 3-5 business days,In Stock,"[{'rating': 3, 'comment': 'Would not recommend!', 'date': '2025-04-30T09:41:02.053Z', 'reviewerName': 'Eleanor Collins', 'reviewerEmail': 'eleanor.collins@x.dummyjson.com'}, {'rating': 4, 'comment': 'Very satisfied!', 'date': '2025-04-30T09:41:02.053Z', 'reviewerName': 'Lucas Gordon', 'reviewerEmail': 'lucas.gordon@x.dummyjson.com'}, {'rating': 5, 'comment': 'Highly impressed!', 'date': '2025-04-30T09:41:02.053Z', 'reviewerName': 'Eleanor Collins', 'reviewerEmail': 'eleanor.collins@x.dummyjson.com'}]",No return policy,48,2025-04-30T09:41:02.053Z,2025-04-30T09:41:02.053Z
2,Eyeshadow Palette with Mirror,"The Eyeshadow Palette with Mirror offers a versatile range of eyeshadow shades for creating stunning eye looks. With a built-in mirror, it's convenient for on-the-go makeup application.",beauty,19.99,18.19,2.86,34,"['beauty', 'eyeshadow']",Glamour Beauty,BEA-GLA-EYE-002,1 year warranty,Ships in 2 weeks,In Stock,"[{'rating': 5, 'comment': 'Great product!', 'date': '2025-04-30T09:41:02.053Z', 'reviewerName': 'Savannah Gomez', 'reviewerEmail': 'savannah.gomez@x.dummyjson.com'}, {'rating': 4, 'comment': 'Awesome product!', 'date': '2025-04-30T09:41:02.053Z', 'reviewerName': 'Christian Perez', 'reviewerEmail': 'christian.perez@x.dummyjson.com'}, {'rating': 1, 'comment': 'Poor quality!', 'date': '2025-04-30T09:41:02.053Z', 'reviewerName': 'Nicholas Bailey', 'reviewerEmail': 'nicholas.bailey@x.dummyjson.com'}]",7 days return policy,20,2025-04-30T09:41:02.053Z,2025-04-30T09:41:02.053Z
3,Powder Canister,"The Powder Canister is a finely milled setting powder designed to set makeup and control shine. With a lightweight and translucent formula, it provides a smooth and matte finish.",beauty,14.99,9.84,4.64,89,"['beauty', 'face powder']",Velvet Touch,BEA-VEL-POW-003,3 months warranty,Ships in 1-2 business days,In Stock,"[{'rating': 4, 'comment': 'Would buy again!', 'date': '2025-04-30T09:41:02.053Z', 'reviewerName': 'Alexander Jones', 'reviewerEmail': 'alexander.jones@x.dummyjson.com'}, {'rating': 5, 'comment': 'Highly impressed!', 'date': '2025-04-30T09:41:02.053Z', 'reviewerName': 'Elijah Cruz', 'reviewerEmail': 'elijah.cruz@x.dummyjson.com'}, {'rating': 1, 'comment': 'Very dissatisfied!', 'date': '2025-04-30T09:41:02.053Z', 'reviewerName': 'Avery Perez', 'reviewerEmail': 'avery.perez@x.dummyjson.com'}]",No return policy,22,2025-04-30T09:41:02.053Z,2025-04-30T09:41:02.053Z
4,Red Lipstick,"The Red Lipstick is a classic and bold choice for adding a pop of color to your lips. With a creamy and pigmented formula, it provides a vibrant and long-lasting finish.",beauty,12.99,12.16,4.36,91,"['beauty', 'lipstick']",Chic Cosmetics,BEA-CHI-LIP-004,3 year warranty,Ships in 1 week,In Stock,"[{'rating': 4, 'comment': 'Great product!', 'date': '2025-04-30T09:41:02.053Z', 'reviewerName': 'Liam Garcia', 'reviewerEmail': 'liam.garcia@x.dummyjson.com'}, {'rating': 5, 'comment': 'Great product!', 'date': '2025-04-30T09:41:02.053Z', 'reviewerName': 'Ruby Andrews', 'reviewerEmail': 'ruby.andrews@x.dummyjson.com'}, {'rating': 5, 'comment': 'Would buy again!', 'date': '2025-04-30T09:41:02.053Z', 'reviewerName': 'Clara Berry', 'reviewerEmail': 'clara.berry@x.dummyjson.com'}]",7 days return policy,40,2025-04-30T09:41:02.053Z,2025-04-30T09:41:02.053Z
5,Red Nail Polish,"The Red Nail Polish offers a rich and glossy red hue for vibrant and polished nails. With a quick-drying formula, it provides a salon-quality finish at home.",beauty,8.99,11.44,4.32,79,"['beauty', 'nail polish']",Nail Couture,BEA-NAI-NAI-005,1 month warranty,Ships overnight,In Stock,"[{'rating': 2, 'comment': 'Poor quality!', 'date': '2025-04-30T09:41:02.053Z', 'reviewerName': 'Benjamin Wilson', 'reviewerEmail': 'benjamin.wilson@x.dummyjson.com'}, {'rating': 5, 'comment': 'Great product!', 'date': '2025-04-30T09:41:02.053Z', 'reviewerName': 'Liam Smith', 'reviewerEmail': 'liam.smith@x.dummyjson.com'}, {'rating': 1, 'comment': 'Very unhappy with my purchase!', 'date': '2025-04-30T09:41:02.053Z', 'reviewerName': 'Clara Berry', 'reviewerEmail': 'clara.berry@x.dummyjson.com'}]",No return policy,22,2025-04-30T09:41:02.053Z,2025-04-30T09:41:02.053Z
6,Calvin Klein CK One,"CK One by Calvin Klein is a classic unisex fragrance, known for its fresh and clean scent. It's a versatile fragrance suitable for everyday wear.",fragrances,49.99,1.89,4.37,29,"['fragrances', 'perfumes']",Calvin Klein,FRA-CAL-CAL-006,1 week warranty,Ships overnight,In Stock,"[{'rating': 2, 'comment': 'Very disappointed!', 'date': '2025-04-30T09:41:02.053Z', 'reviewerName': 'Layla Young', 'reviewerEmail': 'layla.young@x.dummyjson.com'}, {'rating': 4, 'comment': 'Fast shipping!', 'date': '2025-04-30T09:41:02.053Z', 'reviewerName': 'Daniel Cook', 'reviewerEmail': 'daniel.cook@x.dummyjson.com'}, {'rating': 3, 'comment': 'Not as described!', 'date': '2025-04-30T09:41:02.053Z', 'reviewerName': 'Jacob Cooper', 'reviewerEmail': 'jacob.cooper@x.dummyjson.com'}]",90 days return policy,9,2025-04-30T09:41:02.053Z,2025-04-30T09:41:02.053Z
7,Chanel Coco Noir Eau De,"Coco Noir by Chanel is an elegant and mysterious fragrance, featuring notes of grapefruit, rose, and sandalwood. Perfect for evening occasions.",fragrances,129.99,16.51,4.26,58,"['fragrances', 'perfumes']",Chanel,FRA-CHA-CHA-007,3 year warranty,Ships overnight,In Stock,"[{'rating': 4, 'comment': 'Highly impressed!', 'date': '2025-04-30T09:41:02.053Z', 'reviewerName': 'Ruby Andrews', 'reviewerEmail': 'ruby.andrews@x.dummyjson.com'}, {'rating': 5, 'comment': 'Awesome product!', 'date': '2025-04-30T09:41:02.053Z', 'reviewerName': 'Leah Henderson', 'reviewerEmail': 'leah.henderson@x.dummyjson.com'}, {'rating': 5, 'comment': 'Very happy with my purchase!', 'date': '2025-04-30T09:41:02.053Z', 'reviewerName': 'Xavier Wright', 'reviewerEmail': 'xavier.wright@x.dummyjson.com'}]",No return policy,1,2025-04-30T09:41:02.053Z,2025-04-30T09:41:02.053Z
8,Dior J'adore,"J'adore by Dior is a luxurious and floral fragrance, known for its blend of ylang-ylang, rose, and jasmine. It embodies femininity and sophistication.",fragrances,89.99,14.72,3.8,98,"['fragrances', 'perfumes']",Dior,FRA-DIO-DIO-008,1 week warranty,Ships in 2 weeks,In Stock,"[{'rating': 5, 'comment': 'Great value for money!', 'date': '2025-04-30T09:41:02.053Z', 'reviewerName': 'Nicholas Bailey', 'reviewerEmail': 'nicholas.bailey@x.dummyjson.com'}, {'rating': 4, 'comment': 'Great value for money!', 'date': '2025-04-30T09:41:02.053Z', 'reviewerName': 'Penelope Harper', 'reviewerEmail': 'penelope.harper@x.dummyjson.com'}, {'rating': 4, 'comment': 'Great product!', 'date': '2025-04-30T09:41:02.053Z', 'reviewerName': 'Emma Miller', 'reviewerEmail': 'emma.miller@x.dummyjson.com'}]",7 days return policy,10,2025-04-30T09:41:02.053Z,2025-04-30T09:41:02.053Z
9,Dolce Shine Eau de,"Dolce Shine by Dolce & Gabbana is a vibrant and fruity fragrance, featuring notes of mango, jasmine, and blonde woods. It's a joyful and youthful scent.",fragrances,69.99,0.62,3.96,4,"['fragrances', 'perfumes']",Dolce & Gabbana,FRA-DOL-DOL-009,3 year warranty,Ships in 1 month,Low Stock,"[{'rating': 4, 'comment': 'Would buy again!', 'date': '2025-04-30T09:41:02.053Z', 'reviewerName': 'Mateo Bennett', 'reviewerEmail': 'mateo.bennett@x.dummyjson.com'}, {'rating': 4, 'comment': 'Highly recommended!', 'date': '2025-04-30T09:41:02.053Z', 'reviewerName': 'Nolan Gonzalez', 'reviewerEmail': 'nolan.gonzalez@x.dummyjson.com'}, {'rating': 5, 'comment': 'Very happy with my purchase!', 'date': '2025-04-30T09:41:02.053Z', 'reviewerName': 'Aurora Lawson', 'reviewerEmail': 'aurora.lawson@x.dummyjson.com'}]",7 days return policy,2,2025-04-30T09:41:02.053Z,2025-04-30T09:41:02.053Z
10,Gucci Bloom Eau de,"Gucci Bloom by Gucci is a floral and captivating fragrance, with notes of tuberose, jasmine, and Rangoon creeper. It's a modern and romantic scent.",fragrances,79.99,14.39,2.74,91,"['fragrances', 'perfumes']",Gucci,FRA-GUC-GUC-010,6 months warranty,Ships overnight,In Stock,"[{'rating': 1, 'comment': 'Very dissatisfied!', 'date': '2025-04-30T09:41:02.053Z', 'reviewerName': 'Cameron Perez', 'reviewerEmail': 'cameron.perez@x.dummyjson.com'}, {'rating': 5, 'comment': 'Very happy with my purchase!', 'date': '2025-04-30T09:41:02.053Z', 'reviewerName': 'Daniel Cook', 'reviewerEmail': 'daniel.cook@x.dummyjson.com'}, {'rating': 4, 'comment': 'Highly impressed!', 'date': '2025-04-30T09:41:02.053Z', 'reviewerName': 'Addison Wright', 'reviewerEmail': 'addison.wright@x.dummyjson.com'}]",No return policy,2,2025-04-30T09:41:02.053Z,2025-04-30T09:41:02.053Z
11,Annibale Colombo Bed,"The Annibale Colombo Bed is a luxurious and elegant bed frame, crafted with high-quality materials for a comfortable and stylish bedroom.",furniture,1899.99,8.57,4.77,88,"['furniture', 'beds']",Annibale Colombo,FUR-ANN-ANN-011,1 year warranty,Ships in 1 month,In Stock,"[{'rating': 2, 'comment': 'Would not recommend!', 'date': '2025-04-30T09:41:02.053Z', 'reviewerName': 'Christopher West', 'reviewerEmail': 'christopher.west@x.dummyjson.com'}, {'rating': 4, 'comment': 'Highly impressed!', 'date': '2025-04-30T09:41:02.053Z', 'reviewerName': 'Vivian Carter', 'reviewerEmail': 'vivian.carter@x.dummyjson.com'}, {'rating': 1, 'comment': 'Poor quality!', 'date': '2025-04-30T09:41:02.053Z', 'reviewerName': 'Mason Wright', 'reviewerEmail': 'mason.wright@x.dummyjson.com'}]",No return policy,1,2025-04-30T09:41:02.053Z,2025-04-30T09:41:02.053Z
12,Annibale Colombo Sofa,"The Annibale Colombo Sofa is a sophisticated and comfortable seating option, featuring exquisite design and premium upholstery for your living room.",furniture,2499.99,14.4,3.92,60,"['furniture', 'sofas']",Annibale Colombo,FUR-ANN-ANN-012,Lifetime warranty,Ships in 1 week,In Stock,"[{'rating': 3, 'comment': 'Very unhappy with my purchase!', 'date': '2025-04-30T09:41:02.053Z', 'reviewerName': 'Christian Perez', 'reviewerEmail': 'christian.perez@x.dummyjson.com'}, {'rating': 5, 'comment': 'Fast shipping!', 'date': '2025-04-30T09:41:02.053Z', 'reviewerName': 'Lillian Bishop', 'reviewerEmail': 'lillian.bishop@x.dummyjson.com'}, {'rating': 1, 'comment': 'Poor quality!', 'date': '2025-04-30T09:41:02.053Z', 'reviewerName': 'Lillian Simmons', 'reviewerEmail': 'lillian.simmons@x.dummyjson.com'}]",7 days return policy,1,2025-04-30T09:41:02.053Z,2025-04-30T09:41:02.053Z
13,Bedside Table African Cherry,"The Bedside Table in African Cherry is a stylish and functional addition to your bedroom, providing convenient storage space and a touch of elegance.",furniture,299.99,19.09,2.87,64,"['furniture', 'bedside tables']",Furniture Co.,FUR-FUR-BED-013,5 year warranty,Ships overnight,In Stock,"[{'rating': 4, 'comment': 'Excellent quality!', 'date': '2025-04-30T09:41:02.053Z', 'reviewerName': 'Aaliyah Hanson', 'reviewerEmail': 'aaliyah.hanson@x.dummyjson.com'}, {'rating': 4, 'comment': 'Excellent quality!', 'date': '2025-04-30T09:41:02.053Z', 'reviewerName': 'Liam Smith', 'reviewerEmail': 'liam.smith@x.dummyjson.com'}, {'rating': 4, 'comment': 'Highly recommended!', 'date': '2025-04-30T09:41:02.053Z', 'reviewerName': 'Avery Barnes', 'reviewerEmail': 'avery.barnes@x.dummyjson.com'}]",7 days return policy,3,2025-04-30T09:41:02.053Z,2025-04-30T09:41:02.053Z
14,Knoll Saarinen Executive Conference Chair,"The Knoll Saarinen Executive Conference Chair is a modern and ergonomic chair, perfect for your office or conference room with its timeless design.",furniture,499.99,2.01,4.88,26,"['furniture', 'office chairs']",Knoll,FUR-KNO-KNO-014,2 year warranty,Ships overnight,In Stock,"[{'rating': 2, 'comment': 'Waste of money!', 'date': '2025-04-30T09:41:02.053Z', 'reviewerName': 'Ella Cook', 'reviewerEmail': 'ella.cook@x.dummyjson.com'}, {'rating': 2, 'comment': 'Very dissatisfied!', 'date': '2025-04-30T09:41:02.053Z', 'reviewerName': 'Clara Berry', 'reviewerEmail': 'clara.berry@x.dummyjson.com'}, {'rating': 5, 'comment': 'Would buy again!', 'date': '2025-04-30T09:41:02.053Z', 'reviewerName': 'Elena Long', 'reviewerEmail': 'elena.long@x.dummyjson.com'}]",60 days return policy,5,2025-04-30T09:41:02.053Z,2025-04-30T09:41:02.053Z
15,Wooden Bathroom Sink With Mirror,"The Wooden Bathroom Sink with Mirror is a unique and stylish addition to your bathroom, featuring a wooden sink countertop and a matching mirror.",furniture,799.99,8.8,3.59,7,"['furniture', 'bathroom']",Bath Trends,FUR-BAT-WOO-015,3 year warranty,Ships in 3-5 business days,Low Stock,"[{'rating': 4, 'comment': 'Fast shipping!', 'date': '2025-04-30T09:41:02.053Z', 'reviewerName': 'Logan Torres', 'reviewerEmail': 'logan.torres@x.dummyjson.com'}, {'rating': 5, 'comment': 'Very pleased!', 'date': '2025-04-30T09:41:02.053Z', 'reviewerName': 'Aria Parker', 'reviewerEmail': 'aria.parker@x.dummyjson.com'}, {'rating': 3, 'comment': 'Poor quality!', 'date': '2025-04-30T09:41:02.053Z', 'reviewerName': 'Dylan Wells', 'reviewerEmail': 'dylan.wells@x.dummyjson.com'}]",60 days return policy,2,2025-04-30T09:41:02.053Z,2025-04-30T09:41:02.053Z
16,Apple,"Fresh and crisp apples, perfect for snacking or incorporating into various recipes.",groceries,1.99,12.62,4.19,8,['fruits'],,GRO-BRD-APP-016,3 year warranty,Ships in 2 weeks,In Stock,"[{'rating': 5, 'comment': 'Very satisfied!', 'date': '2025-04-30T09:41:02.053Z', 'reviewerName': 'Sophia Brown', 'reviewerEmail': 'sophia.brown@x.dummyjson.com'}, {'rating': 1, 'comment': 'Very dissatisfied!', 'date': '2025-04-30T09:41:02.053Z', 'reviewerName': 'Scarlett Bowman', 'reviewerEmail': 'scarlett.bowman@x.dummyjson.com'}, {'rating': 3, 'comment': 'Very unhappy with my purchase!', 'date': '2025-04-30T09:41:02.053Z', 'reviewerName': 'William Gonzalez', 'reviewerEmail': 'william.gonzalez@x.dummyjson.com'}]",90 days return policy,7,2025-04-30T09:41:02.053Z,2025-04-30T09:41:02.053Z
17,Beef Steak,"High-quality beef steak, great for grilling or cooking to your preferred level of doneness.",groceries,12.99,9.61,4.47,86,['meat'],,GRO-BRD-BEE-017,3 year warranty,Ships overnight,In Stock,"[{'rating': 3, 'comment': 'Would not recommend!', 'date': '2025-04-30T09:41:02.053Z', 'reviewerName': 'Eleanor Tyler', 'reviewerEmail': 'eleanor.tyler@x.dummyjson.com'}, {'rating': 4, 'comment': 'Fast shipping!', 'date': '2025-04-30T09:41:02.053Z', 'reviewerName': 'Alexander Jones', 'reviewerEmail': 'alexander.jones@x.dummyjson.com'}, {'rating': 5, 'comment': 'Great value for money!', 'date': '2025-04-30T09:41:02.053Z', 'reviewerName': 'Natalie Harris', 'reviewerEmail': 'natalie.harris@x.dummyjson.com'}]",60 days return policy,43,2025-04-30T09:41:02.053Z,2025-04-30T09:41:02.053Z
18,Cat Food,Nutritious cat food formulated to meet the dietary needs of your feline friend.,groceries,8.99,9.58,3.13,46,"['pet supplies', 'cat food']",,GRO-BRD-FOO-018,1 year warranty,Ships overnight,In Stock,"[{'rating': 3, 'comment': 'Would not recommend!', 'date': '2025-04-30T09:41:02.053Z', 'reviewerName': 'Noah Lewis', 'reviewerEmail': 'noah.lewis@x.dummyjson.com'}, {'rating': 3, 'comment': 'Very unhappy with my purchase!', 'date': '2025-04-30T09:41:02.053Z', 'reviewerName': 'Ruby Andrews', 'reviewerEmail': 'ruby.andrews@x.dummyjson.com'}, {'rating': 2, 'comment': 'Very disappointed!', 'date': '2025-04-30T09:41:02.053Z', 'reviewerName': 'Ethan Thompson', 'reviewerEmail': 'ethan.thompson@x.dummyjson.com'}]",No return policy,18,2025-04-30T09:41:02.053Z,2025-04-30T09:41:02.053Z
19,Chicken Meat,"Fresh and tender chicken meat, suitable for various culinary preparations.",groceries,9.99,13.7,3.19,97,['meat'],,GRO-BRD-CHI-019,1 year warranty,Ships in 1 month,In Stock,"[{'rating': 5, 'comment': 'Great product!', 'date': '2025-04-30T09:41:02.053Z', 'reviewerName': 'Mateo Bennett', 'reviewerEmail': 'mateo.bennett@x.dummyjson.com'}, {'rating': 4, 'comment': 'Highly recommended!', 'date': '2025-04-30T09:41:02.053Z', 'reviewerName': 'Jackson Evans', 'reviewerEmail': 'jackson.evans@x.dummyjson.com'}, {'rating': 3, 'comment': 'Not worth the price!', 'date': '2025-04-30T09:41:02.053Z', 'reviewerName': 'Sadie Morales', 'reviewerEmail': 'sadie.morales@x.dummyjson.com'}]",7 days return policy,22,2025-04-30T09:41:02.053Z,2025-04-30T09:41:02.053Z
20,Cooking Oil,"Versatile cooking oil suitable for frying, saut√©ing, and various culinary applications.",groceries,4.99,9.33,4.8,10,['cooking essentials'],,GRO-BRD-COO-020,Lifetime warranty,Ships in 1-2 business days,In Stock,"[{'rating': 5, 'comment': 'Very happy with my purchase!', 'date': '2025-04-30T09:41:02.053Z', 'reviewerName': 'Victoria McDonald', 'reviewerEmail': 'victoria.mcdonald@x.dummyjson.com'}, {'rating': 2, 'comment': 'Would not recommend!', 'date': '2025-04-30T09:41:02.053Z', 'reviewerName': 'Hazel Evans', 'reviewerEmail': 'hazel.evans@x.dummyjson.com'}, {'rating': 5, 'comment': 'Would buy again!', 'date': '2025-04-30T09:41:02.053Z', 'reviewerName': 'Zoe Bennett', 'reviewerEmail': 'zoe.bennett@x.dummyjson.com'}]",30 days return policy,46,2025-04-30T09:41:02.053Z,2025-04-30T09:41:02.053Z
21,Cucumber,"Crisp and hydrating cucumbers, ideal for salads, snacks, or as a refreshing side.",groceries,1.49,0.16,4.07,84,['vegetables'],,GRO-BRD-CUC-021,2 year warranty,Ships in 1-2 business days,In Stock,"[{'rating': 4, 'comment': 'Great product!', 'date': '2025-04-30T09:41:02.053Z', 'reviewerName': 'Lincoln Kelly', 'reviewerEmail': 'lincoln.kelly@x.dummyjson.com'}, {'rating': 4, 'comment': 'Great value for money!', 'date': '2025-04-30T09:41:02.053Z', 'reviewerName': 'Savannah Gomez', 'reviewerEmail': 'savannah.gomez@x.dummyjson.com'}, {'rating': 2, 'comment': 'Poor quality!', 'date': '2025-04-30T09:41:02.053Z', 'reviewerName': 'James Davis', 'reviewerEmail': 'james.davis@x.dummyjson.com'}]",7 days return policy,2,2025-04-30T09:41:02.053Z,2025-04-30T09:41:02.053Z
22,Dog Food,Specially formulated dog food designed to provide essential nutrients for your canine companion.,groceries,10.99,10.27,4.55,71,"['pet supplies', 'dog food']",,GRO-BRD-FOO-022,No warranty,Ships in 1-2 business days,In Stock,"[{'rating': 5, 'comment': 'Excellent quality!', 'date': '2025-04-30T09:41:02.053Z', 'reviewerName': 'Nicholas Edwards', 'reviewerEmail': 'nicholas.edwards@x.dummyjson.com'}, {'rating': 5, 'comment': 'Awesome product!', 'date': '2025-04-30T09:41:02.053Z', 'reviewerName': 'Zachary Lee', 'reviewerEmail': 'zachary.lee@x.dummyjson.com'}, {'rating': 4, 'comment': 'Great product!', 'date': '2025-04-30T09:41:02.053Z', 'reviewerName': 'Nova Cooper', 'reviewerEmail': 'nova.cooper@x.dummyjson.com'}]",60 days return policy,43,2025-04-30T09:41:02.053Z,2025-04-30T09:41:02.053Z
23,Eggs,"Fresh eggs, a versatile ingredient for baking, cooking, or breakfast.",groceries,2.99,11.05,2.53,9,['dairy'],,GRO-BRD-EGG-023,1 week warranty,Ships in 1 week,In Stock,"[{'rating': 3, 'comment': 'Disappointing product!', 'date': '2025-04-30T09:41:02.053Z', 'reviewerName': 'Penelope King', 'reviewerEmail': 'penelope.king@x.dummyjson.com'}, {'rating': 3, 'comment': 'Poor quality!', 'date': '2025-04-30T09:41:02.053Z', 'reviewerName': 'Eleanor Tyler', 'reviewerEmail': 'eleanor.tyler@x.dummyjson.com'}, {'rating': 4, 'comment': 'Very pleased!', 'date': '2025-04-30T09:41:02.053Z', 'reviewerName': 'Benjamin Foster', 'reviewerEmail': 'benjamin.foster@x.dummyjson.com'}]",No return policy,32,2025-04-30T09:41:02.053Z,2025-04-30T09:41:02.053Z
24,Fish Steak,"Quality fish steak, suitable for grilling, baking, or pan-searing.",groceries,14.99,4.23,3.78,74,['seafood'],,GRO-BRD-FIS-024,1 month warranty,Ships in 3-5 business days,In Stock,"[{'rating': 2, 'comment': 'Would not buy again!', 'date': '2025-04-30T09:41:02.053Z', 'reviewerName': 'Caleb Perkins', 'reviewerEmail': 'caleb.perkins@x.dummyjson.com'}, {'rating': 5, 'comment': 'Excellent quality!', 'date': '2025-04-30T09:41:02.053Z', 'reviewerName': 'Isabella Jackson', 'reviewerEmail': 'isabella.jackson@x.dummyjson.com'}, {'rating': 4, 'comment': 'Great value for money!', 'date': '2025-04-30T09:41:02.053Z', 'reviewerName': 'Nathan Dixon', 'reviewerEmail': 'nathan.dixon@x.dummyjson.com'}]",60 days return policy,50,2025-04-30T09:41:02.053Z,2025-04-30T09:41:02.053Z
25,Green Bell Pepper,"Fresh and vibrant green bell pepper, perfect for adding color and flavor to your dishes.",groceries,1.29,0.16,3.25,33,['vegetables'],,GRO-BRD-GRE-025,1 month warranty,Ships in 1 week,In Stock,"[{'rating': 4, 'comment': 'Highly recommended!', 'date': '2025-04-30T09:41:02.053Z', 'reviewerName': 'Avery Carter', 'reviewerEmail': 'avery.carter@x.dummyjson.com'}, {'rating': 3, 'comment': 'Would not recommend!', 'date': '2025-04-30T09:41:02.053Z', 'reviewerName': 'Henry Hill', 'reviewerEmail': 'henry.hill@x.dummyjson.com'}, {'rating': 5, 'comment': 'Excellent quality!', 'date': '2025-04-30T09:41:02.053Z', 'reviewerName': 'Addison Wright', 'reviewerEmail': 'addison.wright@x.dummyjson.com'}]",30 days return policy,12,2025-04-30T09:41:02.053Z,2025-04-30T09:41:02.053Z
26,Green Chili Pepper,"Spicy green chili pepper, ideal for adding heat to your favorite recipes.",groceries,0.99,1.0,3.66,3,['vegetables'],,GRO-BRD-GRE-026,2 year warranty,Ships in 1 week,Low Stock,"[{'rating': 4, 'comment': 'Great product!', 'date': '2025-04-30T09:41:02.053Z', 'reviewerName': 'Luna Russell', 'reviewerEmail': 'luna.russell@x.dummyjson.com'}, {'rating': 1, 'comment': 'Waste of money!', 'date': '2025-04-30T09:41:02.053Z', 'reviewerName': 'Noah Lewis', 'reviewerEmail': 'noah.lewis@x.dummyjson.com'}, {'rating': 3, 'comment': 'Very disappointed!', 'date': '2025-04-30T09:41:02.053Z', 'reviewerName': 'Clara Berry', 'reviewerEmail': 'clara.berry@x.dummyjson.com'}]",30 days return policy,39,2025-04-30T09:41:02.053Z,2025-04-30T09:41:02.053Z
27,Honey Jar,"Pure and natural honey in a convenient jar, perfect for sweetening beverages or drizzling over food.",groceries,6.99,14.4,3.97,34,['condiments'],,GRO-BRD-HON-027,1 month warranty,Ships in 1-2 business days,In Stock,"[{'rating': 1, 'comment': 'Very disappointed!', 'date': '2025-04-30T09:41:02.053Z', 'reviewerName': 'Autumn Gomez', 'reviewerEmail': 'autumn.gomez@x.dummyjson.com'}, {'rating': 4, 'comment': 'Highly impressed!', 'date': '2025-04-30T09:41:02.053Z', 'reviewerName': 'Benjamin Wilson', 'reviewerEmail': 'benjamin.wilson@x.dummyjson.com'}, {'rating': 2, 'comment': 'Very disappointed!', 'date': '2025-04-30T09:41:02.053Z', 'reviewerName': 'Nicholas Edwards', 'reviewerEmail': 'nicholas.edwards@x.dummyjson.com'}]",90 days return policy,47,2025-04-30T09:41:02.053Z,2025-04-30T09:41:02.053Z
28,Ice Cream,"Creamy and delicious ice cream, available in various flavors for a delightful treat.",groceries,5.49,8.69,3.39,27,['desserts'],,GRO-BRD-CRE-028,1 month warranty,Ships in 2 weeks,In Stock,"[{'rating': 5, 'comment': 'Very pleased!', 'date': '2025-04-30T09:41:02.053Z', 'reviewerName': 'Elijah Cruz', 'reviewerEmail': 'elijah.cruz@x.dummyjson.com'}, {'rating': 4, 'comment': 'Excellent quality!', 'date': '2025-04-30T09:41:02.053Z', 'reviewerName': 'Jace Smith', 'reviewerEmail': 'jace.smith@x.dummyjson.com'}, {'rating': 5, 'comment': 'Highly impressed!', 'date': '2025-04-30T09:41:02.053Z', 'reviewerName': 'Sadie Morales', 'reviewerEmail': 'sadie.morales@x.dummyjson.com'}]",No return policy,42,2025-04-30T09:41:02.053Z,2025-04-30T09:41:02.053Z
29,Juice,"Refreshing fruit juice, packed with vitamins and great for staying hydrated.",groceries,3.99,12.06,3.94,50,['beverages'],,GRO-BRD-JUI-029,6 months warranty,Ships in 1 week,In Stock,"[{'rating': 5, 'comment': 'Excellent quality!', 'date': '2025-04-30T09:41:02.053Z', 'reviewerName': 'Nolan Gonzalez', 'reviewerEmail': 'nolan.gonzalez@x.dummyjson.com'}, {'rating': 4, 'comment': 'Would buy again!', 'date': '2025-04-30T09:41:02.053Z', 'reviewerName': 'Bella Grant', 'reviewerEmail': 'bella.grant@x.dummyjson.com'}, {'rating': 5, 'comment': 'Awesome product!', 'date': '2025-04-30T09:41:02.053Z', 'reviewerName': 'Aria Flores', 'reviewerEmail': 'aria.flores@x.dummyjson.com'}]",No return policy,25,2025-04-30T09:41:02.053Z,2025-04-30T09:41:02.053Z
30,Kiwi,"Nutrient-rich kiwi, perfect for snacking or adding a tropical twist to your dishes.",groceries,2.49,15.22,4.93,99,['fruits'],,GRO-BRD-KIW-030,6 months warranty,Ships overnight,In Stock,"[{'rating': 4, 'comment': 'Highly recommended!', 'date': '2025-04-30T09:41:02.053Z', 'reviewerName': 'Emily Brown', 'reviewerEmail': 'emily.brown@x.dummyjson.com'}, {'rating': 2, 'comment': 'Would not buy again!', 'date': '2025-04-30T09:41:02.053Z', 'reviewerName': 'Jackson Morales', 'reviewerEmail': 'jackson.morales@x.dummyjson.com'}, {'rating': 4, 'comment': 'Fast shipping!', 'date': '2025-04-30T09:41:02.053Z', 'reviewerName': 'Nora Russell', 'reviewerEmail': 'nora.russell@x.dummyjson.com'}]",7 days return policy,30,2025-04-30T09:41:02.053Z,2025-04-30T09:41:02.053Z
